Age,Experience_Years,Education_Level,Working_Hours_Per_Week,Certifications,Projects_Completed,Training_Hours,Annual_Salary
56,7,14,56,8,33,85,389.3205774206699
46,23,19,56,9,40,18,441.80438951219077
32,10,15,31,5,10,83,228.65340321852452
60,16,16,50,9,43,451,597.6154563240551
25,7,13,59,9,44,410,397.957527046382
38,34,16,30,5,29,262,452.7003205457084
56,34,17,57,0,13,239,440.2138020872949
36,32,10,44,3,12,16,196.84710222410337
40,4,15,30,9,31,183,359.7300202008988
28,38,17,34,5,46,150,294.3934337501992
28,27,14,57,5,2,177,257.76467414678905
41,6,13,58,4,35,179,368.2238229402651
53,8,11,45,0,23,402,457.96737551633936
57,7,15,48,7,17,443,527.5261910006606
41,11,15,33,4,26,292,408.29815082647326
20,33,10,32,4,8,131,355.23293127148145
39,32,18,46,6,29,203,453.012147668121
19,22,15,46,3,26,14,248.08502780287688
41,23,12,41,5,10,38,258.8194442104047
61,36,13,57,3,26,174,418.7889405506395
47,34,13,59,2,34,431,564.7738762211592
55,39,12,58,6,41,348,486.1327065716671
19,21,19,43,7,7,145,330.44610992794765
38,26,12,50,3,4,374,435.6793246584193
50,34,12,35,1,45,330,480.2817578943704
29,0,13,32,9,11,351,357.43615174853306
39,34,16,57,2,29,154,280.6867699342133
61,36,13,38,0,36,336,439.63530906676664
42,13,18,34,7,25,226,356.16856679555724
44,2,10,53,2,21,310,367.52575208511627
59,0,17,58,9,36,141,375.7694654499847
45,4,16,46,6,10,301,391.41741451658214
33,25,11,43,9,37,79,392.0116661466948
32,13,17,50,4,9,261,384.4229240548974
64,38,10,32,9,24,424,505.1488145891779
61,26,18,57,4,35,284,412.34382637312586
20,8,18,30,6,49,454,385.4704942229071
54,14,11,49,8,35,373,494.27459049876023
24,14,16,58,4,48,191,433.5223407055234
38,25,19,50,0,36,176,469.2685498459092
26,12,12,52,9,18,100,243.20534605421437
56,31,16,30,9,49,211,416.9067782284537
35,38,19,32,0,39,355,493.6166843041556
21,31,18,47,1,32,28,403.86994605651194
42,3,13,54,5,24,48,266.74307341069476
31,29,10,39,8,23,135,401.26314273664855
26,36,11,51,7,32,460,539.1986451453655
43,22,10,55,4,37,182,437.96225932142283
19,38,14,32,0,12,150,363.9289923276039
37,14,14,37,6,49,251,394.70440662540756
45,28,16,43,4,13,229,343.18083763689225
64,35,18,53,5,23,135,412.04527810355256
24,12,18,47,6,25,67,353.8522586942239
61,31,12,44,2,35,157,436.79125842400566
25,6,12,51,9,41,485,462.71748366140764
64,21,12,52,2,30,465,517.2845680687801
52,27,13,31,4,17,326,334.35634481172167
31,1,17,56,5,49,392,532.1169395990905
34,5,15,39,8,20,370,443.3031780123077
53,27,17,31,4,48,432,516.3461089479074
57,27,10,55,0,25,10,312.4067209586711
21,19,17,46,3,22,396,334.6567085934795
19,29,13,37,4,13,470,440.3642751978626
23,10,10,30,9,19,357,425.72228204320675
59,27,17,38,9,49,199,486.67736883650406
21,24,13,40,4,36,200,366.83502785319655
46,38,15,51,6,12,378,507.96408706825315
35,32,17,45,3,41,418,562.4202714848163
43,0,13,36,0,19,321,329.2307446724456
61,26,12,58,4,12,426,435.5653401902496
51,12,18,39,6,9,431,461.49004301630634
27,2,12,52,9,7,126,281.85596635427885
53,38,18,55,9,28,143,497.0338842399011
31,5,11,32,5,14,67,132.64021197520006
48,7,11,47,4,31,53,260.6544346724272
32,26,11,54,3,19,182,353.23481726224384
25,8,15,53,1,47,169,281.0374047576444
31,36,12,42,3,16,182,383.78366374616473
40,32,18,57,9,5,326,517.4684015805901
57,23,13,55,9,35,312,468.3653845984478
38,14,10,36,2,12,158,379.3546304310736
33,31,13,54,9,25,89,333.8319996233171
62,31,10,33,0,21,383,438.5658264654666
35,23,14,42,7,36,222,364.9164326015699
64,11,13,49,4,23,212,336.52504633557555
41,38,17,30,3,16,261,383.8487253383072
43,1,17,37,7,39,238,284.39555653837385
42,2,16,43,6,45,173,327.22335880433536
62,36,12,45,1,42,236,456.4737001512148
58,16,10,43,0,39,156,228.75987549796008
46,1,10,41,3,14,29,197.3025243760072
32,1,12,48,7,31,450,444.5067040870964
62,27,15,52,1,5,411,526.729449534527
18,22,16,44,2,35,56,342.53175362879125
42,36,15,57,0,23,242,484.3677132300255
24,31,15,31,0,29,314,372.4818138732224
26,32,15,31,2,43,23,245.4793913871177
41,0,12,52,4,11,152,309.87522007749266
18,18,15,51,2,18,424,419.3360081831239
61,1,17,48,0,47,10,216.8972990438188
